state	rank	country	value
Alabama	0	World	21880
Alabama	0	Top 25	20203.14
Alabama	1	Korea, South	4688.37
Alabama	2	Germany	4106.6
Alabama	3	Mexico	2869.05
Alabama	4	China	2174.5
Alabama	5	Canada	2047.26
Alabama	6	Japan	1015.45
Alabama	7	Ecuador	257.88
Alabama	8	Czech Republic	252.89
Alabama	9	Vietnam	252.86
Alabama	10	United Kingdom	242.06
Alabama	11	Iraq	217.07
Alabama	12	Taiwan	187.17
Alabama	13	Colombia	176.04
Alabama	14	Russia	174.99
Alabama	15	Brazil	174.77
Alabama	16	Honduras	170.3
Alabama	17	Hungary	167.41
Alabama	18	France	166.16
Alabama	19	Italy	163.9
Alabama	20	India	140.08
Alabama	21	Australia	135.89
Alabama	22	El Salvador	120.64
Alabama	23	Spain	115.4
Alabama	24	South Africa	95.26
Alabama	25	Malaysia	91.14
Alaska	0	World	2485.2
Alaska	0	Top 25	2457.29
Alaska	1	China	654.76
Alaska	2	Canada	611.68
Alaska	3	Japan	528.33
Alaska	4	Korea, South	328.37
Alaska	5	Taiwan	68.49
Alaska	6	Russia	46.87
Alaska	7	Mexico	32.79
Alaska	8	United Kingdom	30.06
Alaska	9	Singapore	28.24
Alaska	10	Thailand	17.01
Alaska	11	Germany	16
Alaska	12	France	14.35
Alaska	13	Philippines	13
Alaska	14	Italy	11.17
Alaska	15	Malaysia	9.88
Alaska	16	New Zealand	6.51
Alaska	17	Netherlands	6.28
Alaska	18	Denmark	5.83
Alaska	19	Australia	5.07
Alaska	20	Finland	5.06
Alaska	21	Norway	4.89
Alaska	22	Qatar	3.5
Alaska	23	Sweden	3.28
Alaska	24	Trinidad and Tobago	3
Alaska	25	Switzerland	2.87
Arizona	0	World	19679.3
Arizona	0	Top 25	18926.09
Arizona	1	Mexico	7595.97
Arizona	2	China	2642.55
Arizona	3	Canada	1505.39
Arizona	4	Germany	773.17
Arizona	5	Malaysia	753.09
Arizona	6	Japan	748.78
Arizona	7	United Kingdom	670.2
Arizona	8	Brazil	500.04
Arizona	9	Italy	488.54
Arizona	10	Taiwan	488.26
Arizona	11	Netherlands	442.64
Arizona	12	France	436.27
Arizona	13	Korea, South	306.56
Arizona	14	India	224.55
Arizona	15	Thailand	219.48
Arizona	16	Singapore	211.05
Arizona	17	Czech Republic	210.15
Arizona	18	Vietnam	117.74
Arizona	19	Philippines	91.41
Arizona	20	Australia	91.04
Arizona	21	Indonesia	85.66
Arizona	22	Spain	85.02
Arizona	23	Ireland	83.27
Arizona	24	Hong Kong	77.89
Arizona	25	Israel	77.38
Arkansas	0	World	7914.55
Arkansas	0	Top 25	7575.62
Arkansas	1	China	2583.13
Arkansas	2	France	1681.83
Arkansas	3	Canada	797.01
Arkansas	4	Mexico	636.4
Arkansas	5	Germany	419.64
Arkansas	6	India	235.78
Arkansas	7	Taiwan	142.24
Arkansas	8	Korea, South	129.33
Arkansas	9	Italy	117.53
Arkansas	10	Japan	100.79
Arkansas	11	United Kingdom	92.48
Arkansas	12	Vietnam	91.97
Arkansas	13	Malaysia	66.59
Arkansas	14	Sweden	59.22
Arkansas	15	Brazil	53.45
Arkansas	16	Netherlands	44.12
Arkansas	17	Switzerland	43.34
Arkansas	18	Pakistan	41.44
Arkansas	19	Bangladesh	40.62
Arkansas	20	Thailand	37.95
Arkansas	21	Israel	34.74
Arkansas	22	Saudi Arabia	33.69
Arkansas	23	Indonesia	32.31
Arkansas	24	Spain	30.8
Arkansas	25	Australia	29.22
California	0	World	408179.5
California	0	Top 25	382523.05
California	1	China	143470.4
California	2	Mexico	45069.46
California	3	Japan	38503.16
California	4	Canada	27853.94
California	5	Malaysia	16796.99
California	6	Korea, South	15532.89
California	7	Germany	12705.86
California	8	Taiwan	12526.38
California	9	Thailand	10043.29
California	10	Vietnam	8836.12
California	11	Saudi Arabia	6160.8
California	12	Indonesia	4680.74
California	13	United Kingdom	4564.17
California	14	Singapore	4180.29
California	15	India	3855.48
California	16	Ecuador	3726.58
California	17	Italy	3653.53
California	18	France	3630.55
California	19	Philippines	3303.67
California	20	Colombia	2608.38
California	21	Switzerland	2464.33
California	22	Ireland	2365.58
California	23	Brazil	2120.95
California	24	Israel	1995.52
California	25	Australia	1873.97
Colorado	0	World	13487.5
Colorado	0	Top 25	12908.16
Colorado	1	Canada	3207.3
Colorado	2	China	2423.95
Colorado	3	Mexico	1714.56
Colorado	4	Germany	1080.78
Colorado	5	Switzerland	701.8
Colorado	6	Australia	557.91
Colorado	7	Korea, South	333.07
Colorado	8	France	299.53
Colorado	9	United Kingdom	260.28
Colorado	10	Italy	244.02
Colorado	11	Taiwan	217.79
Colorado	12	India	213.82
Colorado	13	Netherlands	198.7
Colorado	14	Vietnam	196.9
Colorado	15	Denmark	181.21
Colorado	16	Austria	167.67
Colorado	17	Japan	154.71
Colorado	18	Spain	146.46
Colorado	19	Slovenia	129.97
Colorado	20	Norway	107.94
Colorado	21	Malaysia	100.52
Colorado	22	Sweden	89.1
Colorado	23	Thailand	79.75
Colorado	24	Philippines	56.22
Colorado	25	New Zealand	44.19
Connecticut	0	World	25956.59
Connecticut	0	Top 25	23748.59
Connecticut	1	United Kingdom	5548.37
Connecticut	2	Canada	3446.87
Connecticut	3	China	3020.07
Connecticut	4	Mexico	2467.9
Connecticut	5	Germany	1935.41
Connecticut	6	Japan	947.8
Connecticut	7	France	659.88
Connecticut	8	Poland	585
Connecticut	9	Singapore	557.23
Connecticut	10	Italy	537.63
Connecticut	11	Netherlands	482.59
Connecticut	12	Switzerland	437.42
Connecticut	13	Chile	369.21
Connecticut	14	Taiwan	318.87
Connecticut	15	India	272.02
Connecticut	16	Ireland	259.96
Connecticut	17	Israel	257.94
Connecticut	18	Belgium	251.34
Connecticut	19	Brazil	246.58
Connecticut	20	Korea, South	244.36
Connecticut	21	Russia	234.29
Connecticut	22	Sweden	181.6
Connecticut	23	Vietnam	174.48
Connecticut	24	Australia	156.8
Connecticut	25	Spain	154.96
Delaware	0	World	9194.39
Delaware	0	Top 25	8529.29
Delaware	1	Belgium	1338.91
Delaware	2	France	1096.28
Delaware	3	United Kingdom	979.26
Delaware	4	Colombia	970.42
Delaware	5	Canada	780.39
Delaware	6	Mexico	554.68
Delaware	7	China	382.25
Delaware	8	Germany	338.35
Delaware	9	Costa Rica	235.21
Delaware	10	Sweden	218.34
Delaware	11	Russia	188.29
Delaware	12	Chile	180.05
Delaware	13	Switzerland	164.83
Delaware	14	Netherlands	146.44
Delaware	15	Honduras	128.02
Delaware	16	Japan	100.3
Delaware	17	Spain	96.09
Delaware	18	Guatemala	91.93
Delaware	19	Taiwan	85.41
Delaware	20	Nigeria	82.41
Delaware	21	Italy	81.74
Delaware	22	Brazil	77.69
Delaware	23	Ireland	73.25
Delaware	24	Malaysia	70.47
Delaware	25	Austria	68.26
District of Colombia	0	World	912.12
District of Colombia	0	Top 25	864.19
District of Colombia	1	Japan	163.58
District of Colombia	2	India	140.17
District of Colombia	3	United Kingdom	125.24
District of Colombia	4	Germany	59.27
District of Colombia	5	Canada	54.85
District of Colombia	6	France	46.97
District of Colombia	7	Italy	33.14
District of Colombia	8	Qatar	28.66
District of Colombia	9	China	27.32
District of Colombia	10	Netherlands	25.73
District of Colombia	11	Kuwait	24.22
District of Colombia	12	Argentina	22.4
District of Colombia	13	Djibouti	15.84
District of Colombia	14	Korea, South	14.99
District of Colombia	15	Australia	13.89
District of Colombia	16	Ireland	10.42
District of Colombia	17	Bahrain	9.78
District of Colombia	18	Malaysia	9.54
District of Colombia	19	Spain	9.12
District of Colombia	20	Mexico	7.05
District of Colombia	21	Sweden	5.64
District of Colombia	22	Switzerland	5.37
District of Colombia	23	Brazil	3.77
District of Colombia	24	Austria	3.69
District of Colombia	25	Portugal	3.55
Florida	0	World	73436.52
Florida	0	Top 25	60543.48
Florida	1	China	11832.21
Florida	2	Mexico	5552.11
Florida	3	Canada	4199.04
Florida	4	Germany	3975.64
Florida	5	France	3584.61
Florida	6	Japan	3274.43
Florida	7	Brazil	3026.9
Florida	8	Vietnam	2529.63
Florida	9	Colombia	2311.24
Florida	10	Chile	2113.5
Florida	11	United Kingdom	2085.64
Florida	12	Italy	1914.21
Florida	13	Korea, South	1911.23
Florida	14	Switzerland	1253.53
Florida	15	Ecuador	1223.17
Florida	16	India	1155.63
Florida	17	Dominican Republic	1148.58
Florida	18	Venezuela	1138.62
Florida	19	Peru	1137.95
Florida	20	Taiwan	1025.7
Florida	21	Spain	1000.01
Florida	22	Honduras	966.87
Florida	23	Thailand	757.5
Florida	24	Trinidad and Tobago	716.69
Florida	25	Guatemala	708.87
Georgia	0	World	88545.29
Georgia	0	Top 25	80705.79
Georgia	1	China	19733.62
Georgia	2	Germany	16365.44
Georgia	3	Korea, South	7348.45
Georgia	4	Mexico	6266.46
Georgia	5	Japan	4607.4
Georgia	6	Canada	4203.76
Georgia	7	United Kingdom	3543.04
Georgia	8	India	2101.83
Georgia	9	France	1854.78
Georgia	10	Italy	1569.74
Georgia	11	Taiwan	1444.02
Georgia	12	Thailand	1370.61
Georgia	13	Vietnam	1352.35
Georgia	14	Indonesia	1036.47
Georgia	15	Chile	939.39
Georgia	16	Belgium	897.23
Georgia	17	Netherlands	814.5
Georgia	18	Malaysia	812.28
Georgia	19	Ireland	776.25
Georgia	20	Austria	713.37
Georgia	21	Brazil	687.8
Georgia	22	Singapore	653.23
Georgia	23	Bangladesh	618.8
Georgia	24	Hungary	511.69
Georgia	25	Pakistan	483.28
Hawaii	0	World	3759.73
Hawaii	0	Top 25	3622.43
Hawaii	1	Indonesia	816.46
Hawaii	2	Russia	477.03
Hawaii	3	France	387.46
Hawaii	4	Japan	312.02
Hawaii	5	China	279.5
Hawaii	6	Canada	265.18
Hawaii	7	Korea, South	213.98
Hawaii	8	Vietnam	192.92
Hawaii	9	Argentina	131.56
Hawaii	10	Nigeria	111.43
Hawaii	11	Taiwan	50.87
Hawaii	12	Italy	38.16
Hawaii	13	Thailand	37.93
Hawaii	14	Ecuador	36.8
Hawaii	15	United Arab Emirates	33.73
Hawaii	16	United Kingdom	31.98
Hawaii	17	Germany	31.9
Hawaii	18	Australia	29.73
Hawaii	19	Philippines	28.05
Hawaii	20	New Zealand	26.77
Hawaii	21	Malaysia	19.39
Hawaii	22	Netherlands	18.96
Hawaii	23	Switzerland	18.58
Hawaii	24	Libya	16.67
Hawaii	25	Peru	15.39
Idaho	0	World	5166.16
Idaho	0	Top 25	5064.54
Idaho	1	China	1582.92
Idaho	2	Canada	914.25
Idaho	3	Taiwan	841.94
Idaho	4	Singapore	503.45
Idaho	5	Japan	431.09
Idaho	6	Korea, South	178.27
Idaho	7	Mexico	136.76
Idaho	8	Germany	63.45
Idaho	9	France	42.91
Idaho	10	Malaysia	42.85
Idaho	11	Greece	42.08
Idaho	12	Vietnam	32.03
Idaho	13	Israel	31.2
Idaho	14	New Zealand	28.81
Idaho	15	Netherlands	27.7
Idaho	16	United Kingdom	27.63
Idaho	17	Italy	25.64
Idaho	18	Austria	23.84
Idaho	19	Thailand	15.94
Idaho	20	Australia	15.49
Idaho	21	India	14.12
Idaho	22	Chile	12.81
Idaho	23	Indonesia	11.1
Idaho	24	Denmark	9.61
Idaho	25	Hong Kong	8.63
Illinois	0	World	121251.74
Illinois	0	Top 25	114596.94
Illinois	1	China	31177.77
Illinois	2	Canada	29745.3
Illinois	3	Mexico	13117.02
Illinois	4	Japan	7108.5
Illinois	5	Germany	4573.36
Illinois	6	Korea, South	4067.21
Illinois	7	Vietnam	2681.04
Illinois	8	Taiwan	2220.57
Illinois	9	Ireland	1984.55
Illinois	10	United Kingdom	1916.57
Illinois	11	Italy	1783.7
Illinois	12	Brazil	1781.85
Illinois	13	Malaysia	1646.06
Illinois	14	India	1409.56
Illinois	15	France	1302.32
Illinois	16	Thailand	1172.76
Illinois	17	Switzerland	1122.39
Illinois	18	Australia	1006.91
Illinois	19	Netherlands	926.16
Illinois	20	Singapore	828.93
Illinois	21	Indonesia	822.37
Illinois	22	Spain	616.67
Illinois	23	New Zealand	582.47
Illinois	24	Russia	523.38
Illinois	25	Belgium	479.55
Indiana	0	World	48978.91
Indiana	0	Top 25	47558.85
Indiana	1	China	8319.24
Indiana	2	Canada	7864.39
Indiana	3	Ireland	5853.86
Indiana	4	Mexico	5255.42
Indiana	5	Japan	4370.08
Indiana	6	Denmark	3304.75
Indiana	7	Germany	2493.87
Indiana	8	France	1540.16
Indiana	9	Switzerland	1184.96
Indiana	10	Brazil	1021.65
Indiana	11	United Kingdom	968.83
Indiana	12	Taiwan	766.06
Indiana	13	Vietnam	672.05
Indiana	14	Italy	608.98
Indiana	15	Thailand	507.17
Indiana	16	Indonesia	462.53
Indiana	17	India	404.25
Indiana	18	Netherlands	402.37
Indiana	19	Korea, South	334.65
Indiana	20	Philippines	258.71
Indiana	21	Russia	206.92
Indiana	22	Austria	202.61
Indiana	23	Honduras	198.5
Indiana	24	Spain	188.38
Indiana	25	Malaysia	168.48
Iowa	0	World	9443.88
Iowa	0	Top 25	9093.83
Iowa	1	Canada	2795.5
Iowa	2	Mexico	1610.45
Iowa	3	China	1548.21
Iowa	4	Germany	595.09
Iowa	5	Japan	382.6
Iowa	6	Italy	285.65
Iowa	7	France	190.93
Iowa	8	Taiwan	183.86
Iowa	9	Spain	167.93
Iowa	10	India	165.75
Iowa	11	United Kingdom	140.74
Iowa	12	Korea, South	130.56
Iowa	13	Brazil	119.66
Iowa	14	Netherlands	100.61
Iowa	15	Austria	96.28
Iowa	16	Israel	91.42
Iowa	17	Denmark	79.44
Iowa	18	Vietnam	73.83
Iowa	19	Poland	72.86
Iowa	20	Switzerland	62.62
Iowa	21	Thailand	45.15
Iowa	22	Indonesia	41.61
Iowa	23	Chile	39.95
Iowa	24	Belgium	38.76
Iowa	25	Argentina	34.36
Kansas	0	World	11665.97
Kansas	0	Top 25	10914.78
Kansas	1	China	2571.44
Kansas	2	Canada	1580.18
Kansas	3	Taiwan	1052.73
Kansas	4	Mexico	1013.21
Kansas	5	Germany	914.17
Kansas	6	United Kingdom	539.4
Kansas	7	Japan	426.65
Kansas	8	Vietnam	370.66
Kansas	9	Korea, South	279.31
Kansas	10	Australia	273.81
Kansas	11	Brazil	232.9
Kansas	12	France	226.42
Kansas	13	Indonesia	164.8
Kansas	14	Italy	164.2
Kansas	15	Singapore	157
Kansas	16	Trinidad and Tobago	130.34
Kansas	17	Malaysia	122.86
Kansas	18	Denmark	121.25
Kansas	19	Turkey	111.28
Kansas	20	Sweden	97.35
Kansas	21	India	82.72
Kansas	22	Israel	80.93
Kansas	23	Philippines	70.6
Kansas	24	Austria	68.7
Kansas	25	Netherlands	61.85
Kentucky	0	World	38537.64
Kentucky	0	Top 25	36579.89
Kentucky	1	Mexico	6073.72
Kentucky	2	China	6046.24
Kentucky	3	Japan	4849.14
Kentucky	4	Canada	3688.69
Kentucky	5	France	2243.25
Kentucky	6	Germany	2004.65
Kentucky	7	Italy	1496.12
Kentucky	8	Switzerland	1301.87
Kentucky	9	India	1178.32
Kentucky	10	United Kingdom	1158.31
Kentucky	11	Belgium	1067.7
Kentucky	12	Korea, South	816.1
Kentucky	13	Taiwan	565.95
Kentucky	14	Vietnam	513.37
Kentucky	15	Ireland	477.07
Kentucky	16	Austria	432.19
Kentucky	17	Spain	431.86
Kentucky	18	Thailand	386.1
Kentucky	19	Philippines	328.67
Kentucky	20	Indonesia	300.36
Kentucky	21	Sweden	284.01
Kentucky	22	Netherlands	277.35
Kentucky	23	Brazil	246.42
Kentucky	24	Turkey	210.35
Kentucky	25	El Salvador	202.09
Louisiana	0	World	35225.93
Louisiana	0	Top 25	30909.76
Louisiana	1	Saudi Arabia	5874.62
Louisiana	2	Venezuela	4612.13
Louisiana	3	Russia	2582.46
Louisiana	4	Algeria	1916.1
Louisiana	5	Brazil	1841.71
Louisiana	6	Canada	1505.2
Louisiana	7	Mexico	1474.97
Louisiana	8	China	1293.9
Louisiana	9	Kuwait	1291.6
Louisiana	10	Colombia	1182.82
Louisiana	11	Iraq	1049.32
Louisiana	12	Germany	673.99
Louisiana	13	Korea, South	665.72
Louisiana	14	Chad	645.53
Louisiana	15	United Kingdom	546.69
Louisiana	16	Trinidad and Tobago	514.64
Louisiana	17	France	447.45
Louisiana	18	Angola	435.71
Louisiana	19	Indonesia	417.37
Louisiana	20	Belgium	396.4
Louisiana	21	Italy	350.71
Louisiana	22	Malaysia	327.48
Louisiana	23	Japan	302.19
Louisiana	24	Ecuador	289.53
Louisiana	25	Norway	271.53
Massachusetts	0	World	33492.58
Massachusetts	0	Top 25	30530.3
Massachusetts	1	Canada	7637.15
Massachusetts	2	China	4395.8
Massachusetts	3	Mexico	3899.72
Massachusetts	4	Germany	1820.81
Massachusetts	5	Ireland	1759.67
Massachusetts	6	United Kingdom	1506.97
Massachusetts	7	Japan	1230.85
Massachusetts	8	France	858.18
Massachusetts	9	Switzerland	851.99
Massachusetts	10	Netherlands	781.6
Massachusetts	11	Italy	691.27
Massachusetts	12	Taiwan	658.86
Massachusetts	13	Malaysia	509.96
Massachusetts	14	Israel	424.41
Massachusetts	15	Vietnam	390
Massachusetts	16	Philippines	383.45
Massachusetts	17	Singapore	379.66
Massachusetts	18	Korea, South	376.25
Massachusetts	19	Thailand	364.84
Massachusetts	20	Colombia	354.05
Massachusetts	21	Indonesia	343.53
Massachusetts	22	India	297.26
Massachusetts	23	Belgium	224.56
Massachusetts	24	Norway	197.86
Massachusetts	25	Sweden	191.61
Maryland	0	World	31501.45
Maryland	0	Top 25	28115.29
Maryland	1	Germany	5349.85
Maryland	2	China	3395.79
Maryland	3	United Kingdom	2962.44
Maryland	4	Mexico	2819.18
Maryland	5	Japan	2181.3
Maryland	6	Canada	1990.24
Maryland	7	Thailand	1004.23
Maryland	8	Brazil	916.87
Maryland	9	Sweden	833.29
Maryland	10	Italy	700.33
Maryland	11	Russia	569.72
Maryland	12	India	537.6
Maryland	13	South Africa	532.91
Maryland	14	Belgium	507
Maryland	15	France	484.78
Maryland	16	Finland	482.48
Maryland	17	Indonesia	450.85
Maryland	18	Hungary	365.95
Maryland	19	Malaysia	333.11
Maryland	20	Austria	325.63
Maryland	21	Vietnam	314.36
Maryland	22	Turkey	291.49
Maryland	23	Chile	283.36
Maryland	24	Netherlands	241.29
Maryland	25	Korea, South	241.24
Maine	0	World	3672.72
Maine	0	Top 25	3446.38
Maine	1	Canada	1938.8
Maine	2	China	464.95
Maine	3	United Kingdom	108.68
Maine	4	Germany	90.1
Maine	5	Vietnam	84.46
Maine	6	Denmark	75.91
Maine	7	Mexico	73.67
Maine	8	Netherlands	70.41
Maine	9	Japan	61.32
Maine	10	Italy	60.47
Maine	11	Bangladesh	46.05
Maine	12	Belgium	38.35
Maine	13	Philippines	37.18
Maine	14	Thailand	36.14
Maine	15	Russia	33.67
Maine	16	Malaysia	29.9
Maine	17	Switzerland	25.6
Maine	18	Taiwan	25.3
Maine	19	Peru	22.67
Maine	20	Brazil	21.74
Maine	21	Austria	21.58
Maine	22	Chile	21.32
Maine	23	Korea, South	19.79
Maine	24	India	19.42
Maine	25	France	18.91
Michigan	0	World	124088.08
Michigan	0	Top 25	121225.84
Michigan	1	Canada	45703.02
Michigan	2	Mexico	43870.57
Michigan	3	China	9179.96
Michigan	4	Germany	4416.75
Michigan	5	Italy	3436.51
Michigan	6	Japan	2914.05
Michigan	7	Korea, South	2596.12
Michigan	8	Spain	1151.23
Michigan	9	India	935.3
Michigan	10	Taiwan	859.85
Michigan	11	Thailand	743.11
Michigan	12	United Kingdom	716.75
Michigan	13	Malaysia	558.03
Michigan	14	France	509.14
Michigan	15	Brazil	492.12
Michigan	16	Turkey	490.14
Michigan	17	Sweden	393.18
Michigan	18	Israel	377.18
Michigan	19	Austria	367.8
Michigan	20	Vietnam	350.67
Michigan	21	Australia	288.24
Michigan	22	Netherlands	229.8
Michigan	23	Poland	216.15
Michigan	24	Hungary	215.47
Michigan	25	Switzerland	214.72
Minnesota	0	World	28576.19
Minnesota	0	Top 25	27204.68
Minnesota	1	China	9987.11
Minnesota	2	Canada	8678.5
Minnesota	3	Mexico	2001.58
Minnesota	4	Germany	946.37
Minnesota	5	Ireland	815.92
Minnesota	6	Taiwan	689.04
Minnesota	7	Brazil	634.58
Minnesota	8	Japan	396.8
Minnesota	9	Italy	391.39
Minnesota	10	United Kingdom	358.13
Minnesota	11	France	315.45
Minnesota	12	Malaysia	242.5
Minnesota	13	India	215.14
Minnesota	14	Korea, South	183.11
Minnesota	15	Switzerland	169.88
Minnesota	16	Costa Rica	154.98
Minnesota	17	Thailand	151.91
Minnesota	18	Vietnam	145.02
Minnesota	19	Denmark	126.21
Minnesota	20	Israel	110.11
Minnesota	21	Turkey	102.57
Minnesota	22	Sweden	99.95
Minnesota	23	Trinidad and Tobago	97.25
Minnesota	24	Peru	95.87
Minnesota	25	Netherlands	95.32
Missouri	0	World	18444.05
Missouri	0	Top 25	17464.45
Missouri	1	China	4796.18
Missouri	2	Canada	3389.48
Missouri	3	Mexico	3203.55
Missouri	4	Germany	1264.51
Missouri	5	United Arab Emirates	602.98
Missouri	6	Belgium	443.32
Missouri	7	India	393.93
Missouri	8	Taiwan	390.02
Missouri	9	United Kingdom	338
Missouri	10	Japan	287.19
Missouri	11	France	276.75
Missouri	12	Italy	257.62
Missouri	13	Korea, South	227.71
Missouri	14	Philippines	182.17
Missouri	15	Chile	180.03
Missouri	16	Netherlands	161.9
Missouri	17	Israel	161.16
Missouri	18	Switzerland	157.06
Missouri	19	Finland	137.71
Missouri	20	Vietnam	124.67
Missouri	21	Turkey	115.97
Missouri	22	Brazil	112.91
Missouri	23	Thailand	100.1
Missouri	24	Ireland	80.63
Missouri	25	Spain	78.89
Mississippi	0	World	14062.91
Mississippi	0	Top 25	12940.98
Mississippi	1	China	3909.05
Mississippi	2	Mexico	1410.86
Mississippi	3	Venezuela	1220.34
Mississippi	4	Canada	1078.95
Mississippi	5	Japan	834.08
Mississippi	6	Germany	661.59
Mississippi	7	Colombia	405.44
Mississippi	8	United Kingdom	358.8
Mississippi	9	Brazil	310.41
Mississippi	10	Vietnam	292.07
Mississippi	11	Malaysia	251.18
Mississippi	12	Taiwan	237.19
Mississippi	13	India	213.32
Mississippi	14	Russia	198.57
Mississippi	15	Italy	186.09
Mississippi	16	Bangladesh	185.86
Mississippi	17	Nigeria	168.22
Mississippi	18	Belgium	154
Mississippi	19	France	146.93
Mississippi	20	Honduras	141.55
Mississippi	21	Korea, South	138.91
Mississippi	22	Netherlands	133.17
Mississippi	23	Norway	125.05
Mississippi	24	Philippines	90.16
Mississippi	25	Australia	89.21
Montana	0	World	4066.99
Montana	0	Top 25	4054.19
Montana	1	Canada	3510.8
Montana	2	Germany	151.67
Montana	3	Mexico	99.53
Montana	4	China	91.52
Montana	5	United Kingdom	50.66
Montana	6	Italy	28.9
Montana	7	Taiwan	22.59
Montana	8	India	21.65
Montana	9	France	12.84
Montana	10	Korea, South	12.35
Montana	11	Philippines	12.07
Montana	12	Japan	10.93
Montana	13	Colombia	4.56
Montana	14	Belgium	3.79
Montana	15	Netherlands	3.18
Montana	16	Australia	2.67
Montana	17	Vietnam	2.11
Montana	18	Lithuania	2.09
Montana	19	Finland	1.82
Montana	20	Thailand	1.74
Montana	21	Sweden	1.66
Montana	22	Switzerland	1.39
Montana	23	Austria	1.34
Montana	24	Israel	1.27
Montana	25	Norway	1.07
North Carolina	0	World	50880.03
North Carolina	0	Top 25	44496.65
North Carolina	1	China	11062.86
North Carolina	2	Mexico	4507.26
North Carolina	3	Canada	3481.56
North Carolina	4	Germany	3236.47
North Carolina	5	Japan	2944.39
North Carolina	6	United Kingdom	2726.55
North Carolina	7	France	2166.27
North Carolina	8	Italy	1851.73
North Carolina	9	India	1344.96
North Carolina	10	Vietnam	1194.84
North Carolina	11	Switzerland	1150.18
North Carolina	12	Honduras	938.14
North Carolina	13	Taiwan	881.63
North Carolina	14	Brazil	804.69
North Carolina	15	Ireland	753.15
North Carolina	16	Dominican Republic	656.23
North Carolina	17	Indonesia	632.23
North Carolina	18	Korea, South	631.4
North Carolina	19	Netherlands	625.74
North Carolina	20	Singapore	559.46
North Carolina	21	El Salvador	543.69
North Carolina	22	Thailand	471.77
North Carolina	23	Bangladesh	470.05
North Carolina	24	Malaysia	444.78
North Carolina	25	Haiti	416.62
North Dakota	0	World	3146.04
North Dakota	0	Top 25	3052.74
North Dakota	1	Canada	1927.11
North Dakota	2	Korea, South	211.61
North Dakota	3	Mexico	147.96
North Dakota	4	Germany	132.29
North Dakota	5	China	120.2
North Dakota	6	India	73.76
North Dakota	7	France	69.01
North Dakota	8	United Kingdom	45.31
North Dakota	9	Saudi Arabia	43.7
North Dakota	10	Czech Republic	40.08
North Dakota	11	Japan	36.84
North Dakota	12	Italy	24.95
North Dakota	13	Spain	22.5
North Dakota	14	Bolivia	21.59
North Dakota	15	Singapore	16.57
North Dakota	16	Vietnam	16.31
North Dakota	17	Taiwan	15.31
North Dakota	18	Poland	13.76
North Dakota	19	Denmark	12.77
North Dakota	20	Austria	12.47
North Dakota	21	Russia	11.35
North Dakota	22	Kenya	10.92
North Dakota	23	Turkey	10.59
North Dakota	24	Peru	8.4
North Dakota	25	Thailand	7.38
Nebraska	0	World	4129.78
Nebraska	0	Top 25	3965.08
Nebraska	1	China	1020.58
Nebraska	2	Canada	947.71
Nebraska	3	Germany	321.05
Nebraska	4	Mexico	295.48
Nebraska	5	Japan	288.03
Nebraska	6	United Kingdom	173.74
Nebraska	7	Austria	141
Nebraska	8	France	102.15
Nebraska	9	Brazil	86.02
Nebraska	10	Italy	83.82
Nebraska	11	Taiwan	73.94
Nebraska	12	Switzerland	66.21
Nebraska	13	Thailand	61.66
Nebraska	14	India	49.62
Nebraska	15	Korea, South	42.32
Nebraska	16	Vietnam	41.29
Nebraska	17	Ireland	39.35
Nebraska	18	Spain	19.82
Nebraska	19	Czech Republic	19.68
Nebraska	20	Sweden	18.99
Nebraska	21	Belgium	16.82
Nebraska	22	Philippines	16.17
Nebraska	23	Poland	14.46
Nebraska	24	Hungary	13.62
Nebraska	25	Indonesia	11.56
New Hampshire	0	World	9283.46
New Hampshire	0	Top 25	8766.35
New Hampshire	1	Canada	4897.58
New Hampshire	2	China	1143.26
New Hampshire	3	Germany	523.92
New Hampshire	4	Mexico	473.61
New Hampshire	5	India	161.05
New Hampshire	6	Ireland	146.85
New Hampshire	7	Switzerland	128.09
New Hampshire	8	Thailand	127.4
New Hampshire	9	Japan	116.51
New Hampshire	10	United Kingdom	103.68
New Hampshire	11	Israel	100.31
New Hampshire	12	Vietnam	99.08
New Hampshire	13	Netherlands	98.89
New Hampshire	14	Italy	89.07
New Hampshire	15	Taiwan	86.4
New Hampshire	16	France	70.98
New Hampshire	17	Indonesia	60.13
New Hampshire	18	Sweden	58.72
New Hampshire	19	Russia	49.41
New Hampshire	20	Belgium	49.1
New Hampshire	21	Korea, South	47.97
New Hampshire	22	Peru	35.46
New Hampshire	23	Czech Republic	34.93
New Hampshire	24	Portugal	32.81
New Hampshire	25	Dominican Republic	31.16
New Jersey	0	World	119490.45
New Jersey	0	Top 25	100676.39
New Jersey	1	China	18578.88
New Jersey	2	Japan	10526.79
New Jersey	3	Canada	7797.65
New Jersey	4	Germany	7197.11
New Jersey	5	Switzerland	7188.37
New Jersey	6	India	6291.58
New Jersey	7	Italy	5890.33
New Jersey	8	Mexico	4803.15
New Jersey	9	Korea, South	4135.6
New Jersey	10	United Kingdom	3756.05
New Jersey	11	France	3433.07
New Jersey	12	Ireland	2543.62
New Jersey	13	Spain	2097.19
New Jersey	14	South Africa	1885.69
New Jersey	15	Russia	1703.7
New Jersey	16	Taiwan	1608.13
New Jersey	17	Vietnam	1589.64
New Jersey	18	Indonesia	1528.54
New Jersey	19	Thailand	1469.24
New Jersey	20	Brazil	1205.02
New Jersey	21	Belgium	1138.16
New Jersey	22	Saudi Arabia	1122.65
New Jersey	23	Netherlands	1106.55
New Jersey	24	Australia	1092.1
New Jersey	25	Israel	987.59
New Mexico	0	World	2244.46
New Mexico	0	Top 25	2194.92
New Mexico	1	China	789.63
New Mexico	2	Mexico	632.41
New Mexico	3	Canada	197.62
New Mexico	4	Germany	103.09
New Mexico	5	United Kingdom	68.19
New Mexico	6	Netherlands	62.25
New Mexico	7	Japan	46.06
New Mexico	8	France	44.84
New Mexico	9	Korea, South	30.67
New Mexico	10	Taiwan	29.06
New Mexico	11	Belgium	26.93
New Mexico	12	Israel	25.79
New Mexico	13	Switzerland	17.86
New Mexico	14	India	16.29
New Mexico	15	Indonesia	15.23
New Mexico	16	Italy	14.72
New Mexico	17	Czech Republic	12.06
New Mexico	18	Hungary	11.56
New Mexico	19	Malaysia	11.26
New Mexico	20	Spain	8.6
New Mexico	21	Thailand	7.18
New Mexico	22	Sweden	7.03
New Mexico	23	Turkey	5.83
New Mexico	24	Ireland	5.47
New Mexico	25	Philippines	5.29
Nevada	0	World	9590.07
Nevada	0	Top 25	9201.32
Nevada	1	China	4567.18
Nevada	2	Canada	777.31
Nevada	3	Malaysia	548.99
Nevada	4	Mexico	474.87
Nevada	5	Taiwan	383.31
Nevada	6	Israel	325.35
Nevada	7	Korea, South	222.81
Nevada	8	United Kingdom	221.8
Nevada	9	India	221.11
Nevada	10	Philippines	213.03
Nevada	11	France	197.23
Nevada	12	Germany	144.29
Nevada	13	Japan	118.97
Nevada	14	Thailand	109.86
Nevada	15	Vietnam	93.68
Nevada	16	Belgium	92.52
Nevada	17	Italy	84.34
Nevada	18	Hong Kong	77.38
Nevada	19	Switzerland	62.15
Nevada	20	Indonesia	54.45
Nevada	21	Cambodia	46.17
Nevada	22	Australia	44.81
Nevada	23	Bangladesh	43.97
Nevada	24	Netherlands	38
Nevada	25	Singapore	37.75
New York	0	World	133085.61
New York	0	Top 25	118955.96
New York	1	China	22975.71
New York	2	Canada	18001.31
New York	3	India	10617.6
New York	4	Israel	9073.5
New York	5	France	7037.72
New York	6	Italy	5764.9
New York	7	Switzerland	5323.66
New York	8	United Kingdom	5210.89
New York	9	Germany	5080.64
New York	10	Belgium	4888.06
New York	11	Mexico	3709.66
New York	12	Hong Kong	3063.73
New York	13	Japan	2857.59
New York	14	Korea, South	1998.75
New York	15	Vietnam	1924.18
New York	16	Taiwan	1722.97
New York	17	Ireland	1458.9
New York	18	Spain	1268.4
New York	19	Thailand	1189.1
New York	20	Indonesia	1163.44
New York	21	Brazil	1070.35
New York	22	South Africa	1026.23
New York	23	Netherlands	945.25
New York	24	Australia	842.16
New York	25	Bangladesh	741.28
Ohio	0	World	68842.88
Ohio	0	Top 25	64289.67
Ohio	1	Canada	13828.39
Ohio	2	China	13354.67
Ohio	3	Mexico	8188.2
Ohio	4	Germany	5843.89
Ohio	5	Japan	5223.6
Ohio	6	France	1939.15
Ohio	7	Ireland	1923.69
Ohio	8	Vietnam	1616.18
Ohio	9	India	1398.13
Ohio	10	Taiwan	1201.55
Ohio	11	Korea, South	1142.21
Ohio	12	Italy	1133.43
Ohio	13	United Kingdom	968.01
Ohio	14	Indonesia	881.82
Ohio	15	Sri Lanka	787.14
Ohio	16	Thailand	735.11
Ohio	17	Brazil	584.62
Ohio	18	Netherlands	484.02
Ohio	19	Sweden	475.07
Ohio	20	Austria	470.64
Ohio	21	Switzerland	439.04
Ohio	22	Russia	436.19
Ohio	23	Trinidad and Tobago	427.85
Ohio	24	Malaysia	409.11
Ohio	25	Spain	397.97
Oklahoma	0	World	10993.76
Oklahoma	0	Top 25	10522.27
Oklahoma	1	Canada	4441.29
Oklahoma	2	China	2482.96
Oklahoma	3	Mexico	1020.95
Oklahoma	4	Japan	339.9
Oklahoma	5	Germany	265.13
Oklahoma	6	India	209.28
Oklahoma	7	United Kingdom	185.09
Oklahoma	8	Taiwan	180.5
Oklahoma	9	Italy	154.59
Oklahoma	10	Thailand	137.15
Oklahoma	11	France	132.66
Oklahoma	12	Australia	110.92
Oklahoma	13	Vietnam	102.09
Oklahoma	14	Argentina	86
Oklahoma	15	South Africa	84.88
Oklahoma	16	Switzerland	67.19
Oklahoma	17	Austria	65.28
Oklahoma	18	Korea, South	65.12
Oklahoma	19	Spain	63.28
Oklahoma	20	Malaysia	62.25
Oklahoma	21	Hong Kong	59.92
Oklahoma	22	Indonesia	59.02
Oklahoma	23	Sweden	52.96
Oklahoma	24	Belgium	52.74
Oklahoma	25	Turkey	41.12
Oregon	0	World	14814.73
Oregon	0	Top 25	14152.1
Oregon	1	Canada	2700.83
Oregon	2	China	2546.64
Oregon	3	Korea, South	1587.23
Oregon	4	Japan	1522.35
Oregon	5	Israel	804.45
Oregon	6	Mexico	709.8
Oregon	7	Netherlands	617.76
Oregon	8	Ireland	571.2
Oregon	9	Germany	449.6
Oregon	10	Vietnam	405.88
Oregon	11	Taiwan	382.21
Oregon	12	Thailand	281.66
Oregon	13	Russia	195.42
Oregon	14	United Kingdom	165.62
Oregon	15	India	140.53
Oregon	16	Italy	131.91
Oregon	17	Malaysia	119.22
Oregon	18	Sweden	115.77
Oregon	19	Switzerland	113.61
Oregon	20	France	109.42
Oregon	21	Singapore	109.05
Oregon	22	Indonesia	104.57
Oregon	23	Brazil	99.89
Oregon	24	Chile	98.46
Oregon	25	Austria	69.01
Pennsylvania	0	World	79674.88
Pennsylvania	0	Top 25	71475.99
Pennsylvania	1	China	20133.89
Pennsylvania	2	Canada	10696.89
Pennsylvania	3	Germany	5798.02
Pennsylvania	4	Israel	5022.92
Pennsylvania	5	Mexico	4213.82
Pennsylvania	6	Korea, South	3676.69
Pennsylvania	7	Switzerland	2629.7
Pennsylvania	8	United Kingdom	2539.44
Pennsylvania	9	Japan	2277.2
Pennsylvania	10	Ireland	1559.67
Pennsylvania	11	Italy	1527.37
Pennsylvania	12	India	1457.12
Pennsylvania	13	Belgium	1283.73
Pennsylvania	14	France	1067.5
Pennsylvania	15	Sweden	953.58
Pennsylvania	16	Vietnam	802.87
Pennsylvania	17	Russia	772.49
Pennsylvania	18	Finland	765.88
Pennsylvania	19	Australia	717.6
Pennsylvania	20	Brazil	709.31
Pennsylvania	21	Taiwan	693.55
Pennsylvania	22	Nigeria	597.19
Pennsylvania	23	Chad	581.01
Pennsylvania	24	Netherlands	524.58
Pennsylvania	25	Austria	473.96
Puerto Rico	0	World	19609.23
Puerto Rico	0	Top 25	18218.28
Puerto Rico	1	Ireland	5821.82
Puerto Rico	2	Singapore	3521.5
Puerto Rico	3	Belgium	819.3
Puerto Rico	4	China	734.46
Puerto Rico	5	Canada	697.56
Puerto Rico	6	Lithuania	603.97
Puerto Rico	7	Brazil	592.72
Puerto Rico	8	Japan	561.17
Puerto Rico	9	Dominican Republic	506.7
Puerto Rico	10	Trinidad and Tobago	461.57
Puerto Rico	11	United Kingdom	423
Puerto Rico	12	Netherlands	409.48
Puerto Rico	13	Mexico	389.15
Puerto Rico	14	Korea, South	323.91
Puerto Rico	15	Russia	300.12
Puerto Rico	16	Germany	292.12
Puerto Rico	17	Colombia	271.05
Puerto Rico	18	Italy	251.44
Puerto Rico	19	Switzerland	215.27
Puerto Rico	20	France	211.32
Puerto Rico	21	India	210.89
Puerto Rico	22	Spain	189.55
Puerto Rico	23	Venezuela	156.54
Puerto Rico	24	Sweden	127.28
Puerto Rico	25	Costa Rica	126.38
Rhode Island	0	World	8224.45
Rhode Island	0	Top 25	7974.63
Rhode Island	1	Germany	2356.38
Rhode Island	2	Mexico	1213.85
Rhode Island	3	China	1183.74
Rhode Island	4	United Kingdom	527.52
Rhode Island	5	Canada	428.61
Rhode Island	6	Hungary	376.74
Rhode Island	7	Slovakia	347.24
Rhode Island	8	Costa Rica	182.32
Rhode Island	9	Netherlands	168.85
Rhode Island	10	Spain	159.51
Rhode Island	11	France	155.63
Rhode Island	12	Italy	97.49
Rhode Island	13	Austria	96.59
Rhode Island	14	Russia	93.03
Rhode Island	15	Belgium	78.78
Rhode Island	16	Thailand	75.53
Rhode Island	17	Switzerland	65.22
Rhode Island	18	Portugal	63.93
Rhode Island	19	India	52.33
Rhode Island	20	Taiwan	49.8
Rhode Island	21	Japan	47.41
Rhode Island	22	Norway	45.53
Rhode Island	23	Korea, South	37.21
Rhode Island	24	Vietnam	36.86
Rhode Island	25	Finland	34.55
South Carolina	0	World	38987.61
South Carolina	0	Top 25	34661.53
South Carolina	1	Germany	7472
South Carolina	2	China	5859.4
South Carolina	3	Mexico	3436.41
South Carolina	4	Canada	2774.32
South Carolina	5	Japan	2616.38
South Carolina	6	Italy	1290.01
South Carolina	7	Austria	1195.21
South Carolina	8	United Kingdom	1100.56
South Carolina	9	France	1081.93
South Carolina	10	India	921.33
South Carolina	11	Vietnam	576.55
South Carolina	12	Czech Republic	559.78
South Carolina	13	Taiwan	557.81
South Carolina	14	Malaysia	543.02
South Carolina	15	Hungary	507.02
South Carolina	16	Brazil	480.38
South Carolina	17	Russia	457.17
South Carolina	18	Netherlands	455.15
South Carolina	19	Honduras	452
South Carolina	20	Thailand	433.06
South Carolina	21	Indonesia	426.93
South Carolina	22	Korea, South	422.94
South Carolina	23	Belgium	386.97
South Carolina	24	Ireland	343.44
South Carolina	25	Spain	311.76
South Dakota	0	World	1139.87
South Dakota	0	Top 25	1124.07
South Dakota	1	Canada	543.13
South Dakota	2	Brazil	157.97
South Dakota	3	China	152.54
South Dakota	4	Mexico	69.83
South Dakota	5	Japan	31.79
South Dakota	6	Taiwan	25.64
South Dakota	7	Germany	21.14
South Dakota	8	Italy	14.53
South Dakota	9	Korea, South	13.62
South Dakota	10	Switzerland	11.58
South Dakota	11	Malaysia	10.71
South Dakota	12	Netherlands	8.33
South Dakota	13	Austria	7.24
South Dakota	14	India	7.02
South Dakota	15	Vietnam	6.92
South Dakota	16	United Kingdom	6.81
South Dakota	17	Spain	5.77
South Dakota	18	Poland	5.65
South Dakota	19	Sweden	4.85
South Dakota	20	France	4.27
South Dakota	21	Philippines	4.16
South Dakota	22	Belgium	2.84
South Dakota	23	Argentina	2.71
South Dakota	24	Ireland	2.68
South Dakota	25	Thailand	2.35
Tennessee	0	World	76864.47
Tennessee	0	Top 25	74354.38
Tennessee	1	China	27149.67
Tennessee	2	Japan	7238.97
Tennessee	3	Mexico	7210.45
Tennessee	4	Ireland	7001.78
Tennessee	5	Canada	5758.19
Tennessee	6	Germany	3181.2
Tennessee	7	Vietnam	1567.53
Tennessee	8	Korea, South	1544.12
Tennessee	9	India	1431.05
Tennessee	10	United Kingdom	1373.56
Tennessee	11	Singapore	1095.77
Tennessee	12	Thailand	1046.31
Tennessee	13	Taiwan	1002.82
Tennessee	14	France	962.22
Tennessee	15	Indonesia	923.55
Tennessee	16	Belgium	920.05
Tennessee	17	Italy	884.37
Tennessee	18	Switzerland	733.64
Tennessee	19	Brazil	630.01
Tennessee	20	Malaysia	617.35
Tennessee	21	Netherlands	600.07
Tennessee	22	Spain	556.18
Tennessee	23	Philippines	437.18
Tennessee	24	Sweden	297.25
Tennessee	25	Cambodia	191.09
Texas	0	World	251491.7
Texas	0	Top 25	228518.48
Texas	1	Mexico	83472.6
Texas	2	China	40932.4
Texas	3	Canada	15923.37
Texas	4	Korea, South	10333.43
Texas	5	Germany	8543.42
Texas	6	Saudi Arabia	7643.91
Texas	7	Venezuela	7510.95
Texas	8	Japan	6351.02
Texas	9	Vietnam	5100.21
Texas	10	United Kingdom	4758.35
Texas	11	Brazil	4380.04
Texas	12	Malaysia	3506.42
Texas	13	Russia	3473.14
Texas	14	India	3332.15
Texas	15	France	3301.83
Texas	16	Thailand	2946
Texas	17	Italy	2917.24
Texas	18	Colombia	2413.1
Texas	19	Taiwan	2349.64
Texas	20	Netherlands	1796.91
Texas	21	Kuwait	1737.3
Texas	22	Ireland	1610.23
Texas	23	Iraq	1598.22
Texas	24	Belgium	1295.48
Texas	25	Spain	1291.13
Utah	0	World	12093.2
Utah	0	Top 25	11430.91
Utah	1	Mexico	3337.29
Utah	2	China	2228.34
Utah	3	Canada	1820.51
Utah	4	Brazil	715.7
Utah	5	Taiwan	493.16
Utah	6	Peru	357.02
Utah	7	Colombia	328.13
Utah	8	Guatemala	309.39
Utah	9	Nicaragua	205.85
Utah	10	Germany	188.38
Utah	11	Japan	174.26
Utah	12	France	172.53
Utah	13	Vietnam	132.67
Utah	14	Italy	126.5
Utah	15	Korea, South	105.82
Utah	16	Chile	102.05
Utah	17	Honduras	98.32
Utah	18	United Kingdom	90.72
Utah	19	India	84.2
Utah	20	Malaysia	68.68
Utah	21	Austria	66.44
Utah	22	Hong Kong	61.54
Utah	23	Romania	57.13
Utah	24	Spain	53.66
Utah	25	Ireland	52.61
Virginia	0	World	25016.62
Virginia	0	Top 25	22224.49
Virginia	1	China	6916.94
Virginia	2	Canada	1799.28
Virginia	3	Germany	1698.39
Virginia	4	Japan	1259.84
Virginia	5	United Kingdom	1196.48
Virginia	6	Malaysia	1189.11
Virginia	7	Mexico	917.15
Virginia	8	Austria	789.31
Virginia	9	India	753.43
Virginia	10	Italy	737.73
Virginia	11	Vietnam	649.49
Virginia	12	Israel	481.13
Virginia	13	Indonesia	477.57
Virginia	14	Brazil	442.14
Virginia	15	France	438.65
Virginia	16	Korea, South	397.35
Virginia	17	Taiwan	310.81
Virginia	18	Singapore	290.49
Virginia	19	Turkey	242.77
Virginia	20	Switzerland	221.63
Virginia	21	Belgium	215.1
Virginia	22	Spain	210.9
Virginia	23	Guatemala	207.92
Virginia	24	Thailand	197.35
Virginia	25	Sweden	183.5
Virgin Islands	0	World	131.78
Virgin Islands	0	Top 25	121.6
Virgin Islands	1	Switzerland	12.73
Virgin Islands	2	Dominican Republic	11.65
Virgin Islands	3	Saudi Arabia	10.99
Virgin Islands	4	China	10.29
Virgin Islands	5	St Lucia	9.78
Virgin Islands	6	Israel	9.24
Virgin Islands	7	Netherlands	7.71
Virgin Islands	8	Hong Kong	6.61
Virgin Islands	9	Canada	5.62
Virgin Islands	10	Italy	5.47
Virgin Islands	11	Mexico	5.32
Virgin Islands	12	France	5
Virgin Islands	13	United Kingdom	3.73
Virgin Islands	14	Fiji	3.08
Virgin Islands	15	India	3.05
Virgin Islands	16	Trinidad and Tobago	2.47
Virgin Islands	17	Martinique	1.65
Virgin Islands	18	Japan	1.42
Virgin Islands	19	El Salvador	1.23
Virgin Islands	20	Denmark	0.91
Virgin Islands	21	Germany	0.88
Virgin Islands	22	Macau	0.86
Virgin Islands	23	Thailand	0.7
Virgin Islands	24	Austria	0.62
Virgin Islands	25	Guatemala	0.59
Vermont	0	World	4022.64
Vermont	0	Top 25	3900.19
Vermont	1	Canada	2878.14
Vermont	2	China	265.29
Vermont	3	Vietnam	74.25
Vermont	4	United Kingdom	65.95
Vermont	5	India	65
Vermont	6	Korea, South	64.28
Vermont	7	Japan	60.51
Vermont	8	France	54.31
Vermont	9	Indonesia	53.41
Vermont	10	Germany	50.93
Vermont	11	Taiwan	41.65
Vermont	12	Russia	40.31
Vermont	13	Mexico	32.75
Vermont	14	Italy	27.04
Vermont	15	Austria	15.77
Vermont	16	Spain	14.59
Vermont	17	Malaysia	13.67
Vermont	18	Colombia	12.49
Vermont	19	Switzerland	10.99
Vermont	20	Turkey	10.73
Vermont	21	Ecuador	10.59
Vermont	22	New Zealand	10.58
Vermont	23	Brazil	9.34
Vermont	24	Romania	8.95
Vermont	25	Belgium	8.67
Washington	0	World	51271.23
Washington	0	Top 25	48770.88
Washington	1	Canada	13540.1
Washington	2	China	10348.7
Washington	3	Japan	6703.53
Washington	4	Korea, South	2843.15
Washington	5	Taiwan	2116.6
Washington	6	France	1510.22
Washington	7	United Kingdom	1470.34
Washington	8	Mexico	1286.84
Washington	9	Thailand	1085.66
Washington	10	Australia	926.54
Washington	11	Germany	915.36
Washington	12	Vietnam	906.92
Washington	13	Singapore	794.06
Washington	14	Italy	538.76
Washington	15	Russia	505.39
Washington	16	Malaysia	501.77
Washington	17	India	451.99
Washington	18	Indonesia	397.54
Washington	19	Netherlands	311.7
Washington	20	Brazil	302.36
Washington	21	Argentina	293.38
Washington	22	Philippines	289.35
Washington	23	Saudi Arabia	282.85
Washington	24	Chile	239.24
Washington	25	New Zealand	208.53
Wisconsin	0	World	22963.7
Wisconsin	0	Top 25	21272.92
Wisconsin	1	China	6204.53
Wisconsin	2	Canada	4207.49
Wisconsin	3	Mexico	2662.02
Wisconsin	4	Germany	1270.9
Wisconsin	5	Vietnam	960.31
Wisconsin	6	India	672.96
Wisconsin	7	Japan	660.37
Wisconsin	8	Italy	604.48
Wisconsin	9	Taiwan	577.19
Wisconsin	10	France	459.65
Wisconsin	11	Indonesia	372.09
Wisconsin	12	United Kingdom	345.08
Wisconsin	13	Korea, South	332.03
Wisconsin	14	Finland	247.54
Wisconsin	15	Israel	213.64
Wisconsin	16	Austria	177.59
Wisconsin	17	Switzerland	176.08
Wisconsin	18	Philippines	175.47
Wisconsin	19	Bangladesh	167.68
Wisconsin	20	Malaysia	141.85
Wisconsin	21	Denmark	139.53
Wisconsin	22	Netherlands	132.7
Wisconsin	23	Thailand	127.5
Wisconsin	24	Sweden	123.3
Wisconsin	25	Cambodia	120.95
West Virginia	0	World	3776.37
West Virginia	0	Top 25	3714.57
West Virginia	1	Japan	1259.14
West Virginia	2	Canada	1157.65
West Virginia	3	China	258.95
West Virginia	4	Mexico	219.6
West Virginia	5	Germany	155.98
West Virginia	6	France	112.88
West Virginia	7	Italy	66.5
West Virginia	8	India	64.35
West Virginia	9	Taiwan	46.69
West Virginia	10	United Kingdom	45.16
West Virginia	11	Kuwait	41.22
West Virginia	12	Belgium	39.99
West Virginia	13	Poland	38.24
West Virginia	14	Brazil	31.41
West Virginia	15	Pakistan	23.73
West Virginia	16	Switzerland	22.04
West Virginia	17	Spain	20.16
West Virginia	18	Netherlands	18.69
West Virginia	19	Vietnam	18.47
West Virginia	20	Israel	15.4
West Virginia	21	Korea, South	14.53
West Virginia	22	South Africa	12.05
West Virginia	23	Thailand	11.07
West Virginia	24	Austria	10.58
West Virginia	25	Malaysia	10.09
Wyoming	0	World	1143.63
Wyoming	0	Top 25	1130.49
Wyoming	1	Canada	814.9
Wyoming	2	China	138.8
Wyoming	3	Mexico	48.36
Wyoming	4	Germany	24.23
Wyoming	5	Thailand	15.36
Wyoming	6	Singapore	10.42
Wyoming	7	United Kingdom	10.32
Wyoming	8	Korea, South	8.58
Wyoming	9	India	6.96
Wyoming	10	Italy	5.5
Wyoming	11	Taiwan	5.47
Wyoming	12	Czech Republic	4.13
Wyoming	13	France	3.99
Wyoming	14	Sweden	3.94
Wyoming	15	Australia	3.56
Wyoming	16	Belgium	3.53
Wyoming	17	Japan	3.39
Wyoming	18	Brazil	3.33
Wyoming	19	Romania	2.96
Wyoming	20	United Arab Emirates	2.84
Wyoming	21	Vietnam	2.5
Wyoming	22	Switzerland	2.36
Wyoming	23	Turkey	2.13
Wyoming	24	Netherlands	1.54
Wyoming	25	Austria	1.39
Unidentified	0	World	15145.17
Unidentified	0	Top 25	13870.33
Unidentified	1	China	2735.92
Unidentified	2	Mexico	2427.02
Unidentified	3	Canada	2153.09
Unidentified	4	Japan	1608.81
Unidentified	5	Germany	1044.14
Unidentified	6	Taiwan	456.79
Unidentified	7	Italy	365.81
Unidentified	8	United Kingdom	351.9
Unidentified	9	France	324.67
Unidentified	10	Colombia	260.53
Unidentified	11	Korea, South	250.56
Unidentified	12	Switzerland	207.76
Unidentified	13	India	199.55
Unidentified	14	Netherlands	186.23
Unidentified	15	Spain	155.24
Unidentified	16	Malaysia	146.95
Unidentified	17	Ecuador	145.85
Unidentified	18	Thailand	133.9
Unidentified	19	Singapore	131.84
Unidentified	20	Vietnam	104.31
Unidentified	21	Brazil	103.44
Unidentified	22	Poland	102.05
Unidentified	23	Sweden	100.15
Unidentified	24	Czech Republic	94.76
Unidentified	25	Belgium	79.06